eplenmean,eprewmean,eval_eplenmean,eval_eprewmean,fps,loss/approxkl,loss/clipfrac,loss/policy_entropy,loss/policy_loss,loss/value_loss,misc/explained_variance,misc/nupdates,misc/serial_timesteps,misc/time_elapsed,misc/total_timesteps
84.25,-1.78,80.1,-2.58,496,9.88794e-05,0.0,2.7079356,-0.00014142036,0.3463234,0.0012257695198059082,1,256,33.03017605900004,16384
84.72,-2.04,78.19,-2.52,577,0.00011727586,0.0,2.707427,-0.00025004093,0.15356445,0.018359720706939697,2,512,61.48079703900021,32768
81.26,-2.48,85.35,-2.19,592,0.00039190627,0.0,2.705825,-0.0005084509,0.17842473,0.02990478277206421,3,768,89.14859064499979,49152
86.47,-2.33,86.02,-2.45,566,0.0019449885,0.0033772786,2.6973925,-0.00087035197,0.12338684,0.07826775312423706,4,1024,118.07888052199996,65536
86.66,-2.11,83.42,-2.15,592,0.0020682004,0.0076904297,2.6956844,-0.0015020132,0.17021495,0.08945983648300171,5,1280,145.7188166830001,81920
84.62,-2.46,83.39,-2.76,571,0.002107373,0.0069986978,2.686454,-0.0017018003,0.15819828,0.15922343730926514,6,1536,174.3728934159999,98304
83.28,-1.68,75.62,-2.65,587,0.0021650752,0.012125651,2.6865876,-0.002313024,0.13200486,0.2631518840789795,7,1792,202.28400364699974,114688
83.15,-2.13,80.54,-1.82,569,0.0022748187,0.015075684,2.6967618,-0.0023819038,0.1215254,0.24104756116867065,8,2048,231.06774694199976,131072
82.59,-1.84,84.9,-3.28,594,0.0023808223,0.013041179,2.6908255,-0.0024422125,0.12684567,0.2282366156578064,9,2304,258.6307493149998,147456
78.22,-3.01,90.39,-2.73,564,0.002296851,0.017659506,2.691534,-0.002949395,0.15255995,0.2455318570137024,10,2560,287.6686202000001,163840
89.49,-1.67,82.85,-1.4,590,0.002581816,0.021647135,2.6847541,-0.0032977096,0.104777105,0.27497678995132446,11,2816,315.3938661430002,180224
84.79,-2.27,84.05,-2.71,572,0.0029742343,0.02351888,2.6805303,-0.004373276,0.12056977,0.28126031160354614,12,3072,344.0315736849998,196608
85.25,-1.81,77.5,-2.08,586,0.004138697,0.033610027,2.6814318,-0.0049861795,0.104270935,0.2908781170845032,13,3328,371.96825707300013,212992
73.99,-1.02,79.57,-2.47,569,0.0034429214,0.02327474,2.6698797,-0.004951981,0.10045501,0.2895302176475525,14,3584,400.7345032860003,229376
78.46,-1.4,75.06,-1.91,591,0.004070031,0.035563152,2.6560676,-0.007487574,0.09008742,0.3660789132118225,15,3840,428.4579382560005,245760
82.87,-1.3,82.7,-2.07,566,0.0041124616,0.04353841,2.6454313,-0.0061423923,0.0988464,0.41844749450683594,16,4096,457.3820446010004,262144
78.77,-1.28,76.68,-2.06,591,0.0062391274,0.07519531,2.6281855,-0.008087366,0.09421865,0.3435322642326355,17,4352,485.07954421199975,278528
79.49,-1.01,77.76,-1.99,576,0.0051674917,0.056132,2.6158345,-0.008957532,0.098833345,0.376018762588501,18,4608,513.5181287810001,294912
80.96,-1.11,74.14,-2.02,588,0.0051132697,0.05851237,2.613187,-0.008424235,0.08132023,0.38048499822616577,19,4864,541.3811770009997,311296
78.88,-1.29,76.13,-1.79,573,0.005458953,0.06028239,2.6193922,-0.010373312,0.086058475,0.3320484757423401,20,5120,569.9422600650005,327680
85.13,-1.16,78.53,-1.32,593,0.005741071,0.066223145,2.6155865,-0.009857731,0.09555113,0.29498302936553955,21,5376,597.5414395959997,344064
77.27,-1.05,75.06,-1.88,572,0.006347054,0.079182945,2.6010463,-0.012077977,0.080701075,0.3846225142478943,22,5632,626.166761167,360448
83.59,-0.87,77.47,-1.72,592,0.0064830426,0.08140055,2.5962684,-0.011768405,0.08654205,0.3167727589607239,23,5888,653.7999052610003,376832
78.21,-1.02,75.06,-1.41,568,0.007920017,0.10329183,2.5876708,-0.014089499,0.08344999,0.34191960096359253,24,6144,682.6216712060004,393216
78.37,-0.69,79.52,-1.35,593,0.007619099,0.09611002,2.5811398,-0.014473652,0.07053133,0.36121970415115356,25,6400,710.2452519170001,409600
76.44,-0.33,75.11,-1.56,575,0.007144146,0.085510254,2.5542731,-0.012167967,0.08758516,0.316522479057312,26,6656,738.7235512899997,425984
76.75,-0.73,75.38,-1.64,586,0.007957233,0.104777016,2.5376272,-0.014947955,0.06868578,0.3195083737373352,27,6912,766.6523053870005,442368
82.66,-0.17,77.14,-1.37,570,0.009654258,0.1260376,2.5311658,-0.014222997,0.07120902,0.3859924077987671,28,7168,795.3565963589999,458752
77.68,-0.51,72.62,-1.27,591,0.009426923,0.12740071,2.5209248,-0.014955449,0.075491264,0.3715265393257141,29,7424,823.0739022799999,475136
76.85,-0.14,75.43,-1.07,571,0.00931597,0.1259969,2.5379255,-0.014119163,0.06727172,0.3565232753753662,30,7680,851.7518849160006,491520
82.61,-0.53,75.97,-1.83,596,0.009470203,0.123575844,2.546423,-0.014754669,0.077443816,0.3633573055267334,31,7936,879.2080209450005,507904
75.27,-0.14,76.99,-1.64,574,0.008692954,0.114868164,2.5457478,-0.017023643,0.0652323,0.3609105348587036,32,8192,907.7352994880002,524288
78.62,-0.18,75.52,-1.54,591,0.009367162,0.12516277,2.5458386,-0.014720804,0.07871502,0.37962186336517334,33,8448,935.4562274290001,540672
81.36,-0.56,74.12,-1.52,575,0.009796967,0.13018799,2.533334,-0.017013542,0.07440762,0.35958927869796753,34,8704,963.9390011390005,557056
80.35,-0.47,78.3,-2.08,594,0.009510846,0.12489828,2.539345,-0.016653202,0.06547971,0.3685342073440552,35,8960,991.5109413629998,573440
79.91,0.26,74.7,-1.64,565,0.008423458,0.10872396,2.5392263,-0.015845742,0.066959105,0.30790215730667114,36,9216,1020.4785748570002,589824
77.37,0.05,72.83,-1.66,594,0.00931803,0.12697347,2.5293038,-0.019095493,0.060536977,0.29000163078308105,37,9472,1048.031534967,606208
78.16,-0.02,76.49,-1.89,569,0.010368612,0.13220215,2.51976,-0.01801288,0.061779857,0.2990240454673767,38,9728,1076.7808582790003,622592
80.78,-0.21,77.36,-2.09,594,0.01178798,0.15698242,2.5302708,-0.017391905,0.07374009,0.31941908597946167,39,9984,1104.324535756,638976
77.11,-0.18,79.34,-1.87,572,0.010345643,0.13590495,2.5420935,-0.017999772,0.07592698,0.40192878246307373,40,10240,1132.9249163570003,655360
78.84,-0.09,75.58,-1.38,589,0.010931071,0.144104,2.551872,-0.01741165,0.062793545,0.32580119371414185,41,10496,1160.7059250620005,671744
81.72,0.45,80.83,-1.44,574,0.011405647,0.14562988,2.526231,-0.016559262,0.060357686,0.26524144411087036,42,10752,1189.2036250270003,688128
80.5,0.2,79.22,-2.21,594,0.010763078,0.1394043,2.5150359,-0.018921541,0.07560188,0.2629830837249756,43,11008,1216.7803632240002,704512
76.93,0.4,77.49,-1.8,565,0.011824842,0.14933269,2.496437,-0.018711733,0.072275616,0.27062684297561646,44,11264,1245.761477657,720896
79.7,0.61,80.35,-1.1,590,0.01221396,0.16066487,2.4847772,-0.016230535,0.06021358,0.31843382120132446,45,11520,1273.5165856069998,737280
78.37,0.24,78.15,-1.53,565,0.012600041,0.16434734,2.474418,-0.01841324,0.07153189,0.3517102599143982,46,11776,1302.4826123990006,753664
78.58,0.3,74.05,-2.13,581,0.012625323,0.16526286,2.4980834,-0.019544562,0.07019431,0.38334399461746216,47,12032,1330.6352880120003,770048
81.18,0.54,74.98,-1.16,567,0.012976728,0.16562907,2.4533474,-0.018652422,0.075839765,0.4042568802833557,48,12288,1359.5243690850002,786432
79.41,0.92,74.21,-1.66,591,0.012183708,0.16117351,2.455118,-0.019038638,0.06429248,0.4026018977165222,49,12544,1387.2343774050005,802816
83.51,1.22,76.8,-1.6,565,0.011197429,0.15218098,2.4435525,-0.01903728,0.060879644,0.3753918409347534,50,12800,1416.187237614,819200
83.43,0.71,74.35,-1.92,590,0.01303259,0.16845703,2.4564686,-0.020283582,0.06270273,0.41570550203323364,51,13056,1443.926489673,835584
79.01,0.8,76.81,-1.79,567,0.012779408,0.16597493,2.442106,-0.019393163,0.06946565,0.3945712447166443,52,13312,1472.7945640590005,851968
76.93,0.71,75.15,-1.64,586,0.015341416,0.19545491,2.4463203,-0.018742746,0.068831444,0.3949558734893799,53,13568,1500.7103948060003,868352
79.61,0.26,78.49,-1.38,563,0.012061618,0.15848796,2.4675825,-0.0208633,0.0847928,0.39336931705474854,54,13824,1529.773762629,884736
84.28,1.19,78.67,-1.6,590,0.014021464,0.18493652,2.4672244,-0.020859873,0.07122042,0.4511318802833557,55,14080,1557.50247579,901120
83.56,1.12,75.7,-1.82,559,0.012959833,0.1629842,2.4708824,-0.018090278,0.07614639,0.3896554112434387,56,14336,1586.7686825400006,917504
83.58,0.93,80.47,-1.98,589,0.010112323,0.13336182,2.4739838,-0.01809241,0.07455177,0.38887691497802734,57,14592,1614.5727925170004,933888
77.44,1.11,75.11,-2.12,558,0.012328647,0.16251628,2.4595253,-0.021533208,0.057728488,0.4213597774505615,58,14848,1643.9347290040005,950272
84.28,0.61,79.46,-1.91,590,0.013421572,0.16780598,2.4166646,-0.019457458,0.07475966,0.5284743309020996,59,15104,1671.6794995310001,966656
83.05,1.07,76.9,-2.24,557,0.013592762,0.18064372,2.4320962,-0.021456996,0.0609875,0.518755704164505,60,15360,1701.0741212040002,983040
81.59,0.77,78.43,-2.28,582,0.0154488385,0.19736736,2.3839672,-0.021316832,0.068368755,0.5381542444229126,61,15616,1729.1849038749997,999424
80.4,1.39,77.17,-1.9,558,0.012661534,0.16762288,2.4019954,-0.020053858,0.06167479,0.5707013309001923,62,15872,1758.5227995189998,1015808
82.6,1.4,79.06,-0.71,591,0.014972828,0.1919759,2.3955023,-0.018058801,0.056476757,0.6229695379734039,63,16128,1786.311601454,1032192
82.08,1.75,77.47,-2.15,566,0.01620456,0.19871013,2.3667758,-0.018353095,0.0637968,0.586387038230896,64,16384,1815.24794036,1048576
96.22,1.76,75.22,-0.94,590,0.017728247,0.21571858,2.3791225,-0.01861413,0.066491954,0.6030630767345428,65,16640,1842.9883816780002,1064960
81.21,1.34,79.78,-1.82,561,0.014799301,0.18737793,2.411733,-0.018045338,0.06024146,0.587963730096817,66,16896,1872.182081551,1081344
90.29,1.46,78.79,-1.73,587,0.012919053,0.16855876,2.363917,-0.020305507,0.061316893,0.6190657615661621,67,17152,1900.063121446,1097728
90.09,1.47,76.12,-1.54,566,0.013680833,0.17289226,2.364267,-0.018989237,0.07731991,0.5905438959598541,68,17408,1928.9858595339992,1114112
92.28,1.51,79.38,-1.85,591,0.013925976,0.17822266,2.3374748,-0.021884479,0.072795086,0.5503240525722504,69,17664,1956.6919444260002,1130496
96.18,1.73,72.3,-1.63,564,0.014585886,0.17378743,2.3686216,-0.02011774,0.074654646,0.5827805399894714,70,17920,1985.6967044779994,1146880
90.8,1.51,74.61,-1.43,593,0.014245265,0.17785645,2.3568306,-0.019737476,0.07888648,0.5885899662971497,71,18176,2013.2822565419992,1163264
98.74,1.63,79.74,-2.04,566,0.0154708065,0.19551595,2.3558252,-0.01947432,0.063957386,0.5939318239688873,72,18432,2042.205443191,1179648
91.97,1.77,73.49,-2.06,587,0.013783622,0.18436687,2.366236,-0.01796089,0.065414935,0.6119741797447205,73,18688,2070.0877327920007,1196032
100.05,1.95,72.69,-1.59,562,0.0153194,0.193278,2.335354,-0.017767893,0.08926955,0.6030634939670563,74,18944,2099.193115815,1212416
91.22,1.63,76.94,-1.42,588,0.01552026,0.18835449,2.3631408,-0.022710795,0.072155885,0.5756732523441315,75,19200,2127.053210168,1228800
98.31,1.94,72.6,-1.24,563,0.016902445,0.2154134,2.3146293,-0.021294823,0.07651908,0.5950737595558167,76,19456,2156.150546338,1245184
105.62,2.39,77.1,-1.56,593,0.012588386,0.1675822,2.2872179,-0.023010083,0.072860666,0.6543530523777008,77,19712,2183.7804434669997,1261568
100.3,2.0,77.66,-1.4,565,0.015488814,0.18556722,2.300485,-0.020290842,0.0808249,0.6354067921638489,78,19968,2212.7497697260005,1277952
121.58,2.31,75.69,-1.21,593,0.015301797,0.19441731,2.3064275,-0.023568213,0.081888445,0.5998800098896027,79,20224,2240.376187426,1294336
114.1,2.2,74.12,-1.22,564,0.01727133,0.21046956,2.2736475,-0.018086871,0.103478424,0.59319007396698,80,20480,2269.414164361,1310720
121.13,2.47,75.04,-1.99,586,0.015462358,0.19561768,2.2517393,-0.018718058,0.09247163,0.6211753785610199,81,20736,2297.3523366339996,1327104
115.85,2.19,76.58,-2.31,564,0.014333923,0.1866862,2.2500322,-0.020699104,0.0785817,0.6464113891124725,82,20992,2326.3945838950003,1343488
128.73,3.0,77.84,-1.55,581,0.015414536,0.19889323,2.1873376,-0.012812055,0.14095466,0.5622624754905701,83,21248,2354.5524151869995,1359872
162.76,3.02,76.12,-1.07,562,0.016245173,0.2084961,2.2062466,-0.01752386,0.11855372,0.6172193586826324,84,21504,2383.6884450470006,1376256
151.62,4.19,76.89,-1.02,591,0.013897288,0.18005371,2.2047617,-0.014406271,0.18570471,0.48882782459259033,85,21760,2411.369653959,1392640
142.46,3.17,78.14,-1.51,564,0.015070271,0.19260661,2.1624928,-0.018742023,0.17314442,0.5798214375972748,86,22016,2440.4114590360005,1409024
138.84,3.61,74.73,-1.14,588,0.014546371,0.18747966,2.1801867,-0.01725491,0.14826258,0.5542164742946625,87,22272,2468.274919079,1425408
150.93,4.03,77.21,-1.55,573,0.012336641,0.15913899,2.2006528,-0.010288245,0.25138205,0.5131702721118927,88,22528,2496.819782118,1441792
151.9,3.36,77.1,-1.61,593,0.0151320575,0.19683838,2.1877701,-0.017010864,0.11432746,0.6251730918884277,89,22784,2524.4390070339996,1458176
184.0,5.53,71.12,-1.29,576,0.016306816,0.2134196,2.1631787,-0.019078476,0.20990984,0.6105088889598846,90,23040,2552.865086582,1474560
159.37,3.37,77.15,-1.45,594,0.013043087,0.17338054,2.2098289,-0.01905757,0.13990237,0.629166454076767,91,23296,2580.4452196700004,1490944
187.95,4.54,75.96,-1.05,566,0.011162248,0.14571126,2.1753752,-0.010383376,0.2013582,0.6415794491767883,92,23552,2609.356124819,1507328
174.58,5.36,79.65,-1.18,601,0.011951477,0.15124512,2.2058563,-0.010028909,0.20482188,0.6270582377910614,93,23808,2636.5972240400006,1523712
187.68,5.04,73.64,-1.84,572,0.011941724,0.1573283,2.2127137,-0.016090086,0.1935054,0.6393382251262665,94,24064,2665.1939661390006,1540096
143.94,3.26,77.94,-1.16,599,0.015897691,0.20505778,2.222391,-0.01998078,0.13825482,0.6808196604251862,95,24320,2692.5245841020005,1556480
164.63,4.55,72.46,-1.67,571,0.012322009,0.1644694,2.2182899,-0.010805186,0.20133561,0.6531263887882233,96,24576,2721.188828868,1572864
170.78,4.09,76.86,-1.84,590,0.011018567,0.14467366,2.2325454,-0.013270435,0.15005682,0.7275123596191406,97,24832,2748.915869654,1589248
167.61,5.2,77.4,-1.41,575,0.013335503,0.16766357,2.204066,-0.016585061,0.16321912,0.7544787973165512,98,25088,2777.4107103820006,1605632
188.44,6.43,74.56,-1.95,593,0.01540954,0.18208821,2.1937325,-0.014492627,0.22678988,0.7222223579883575,99,25344,2805.028533152001,1622016
173.16,4.71,74.05,-1.72,560,0.015720872,0.18522136,2.2116797,-0.013132396,0.19470298,0.7391866147518158,100,25600,2834.2678289819996,1638400
187.17,5.06,74.56,-1.52,586,0.013132202,0.1694336,2.1631513,-0.017974079,0.20301755,0.7804429084062576,101,25856,2862.2040671560007,1654784
167.25,4.15,74.53,-1.61,564,0.012740358,0.1681722,2.1967037,-0.01993527,0.16300593,0.7322164475917816,102,26112,2891.251125044,1671168
191.75,6.65,75.96,-1.78,587,0.0154847065,0.18884277,2.1826775,-0.011632803,0.252112,0.7780224829912186,103,26368,2919.129639527,1687552
181.36,4.87,73.51,-1.75,570,0.01312853,0.15989177,2.2042663,-0.010082559,0.20205118,0.7745514810085297,104,26624,2947.8630415259995,1703936
201.94,6.43,76.29,-1.34,586,0.010258113,0.13043213,2.1923645,-0.015810654,0.21596922,0.7796199321746826,105,26880,2975.820842815001,1720320
195.44,6.39,79.27,-1.49,570,0.01069937,0.13734944,2.1859725,-0.010741669,0.25572065,0.7975128889083862,106,27136,3004.544747158001,1736704
190.08,6.56,78.69,-1.13,586,0.013446099,0.17329915,2.170241,-0.013885316,0.23516762,0.7983523458242416,107,27392,3032.4602077849995,1753088
208.45,5.45,76.92,-0.86,560,0.015103958,0.17360432,2.1811981,-0.015684523,0.26818314,0.7580843716859818,108,27648,3061.6789765520007,1769472
189.92,4.75,78.81,-1.49,592,0.013960979,0.17930095,2.225051,-0.018146124,0.19093047,0.7984851896762848,109,27904,3089.3545866900004,1785856
215.42,6.51,78.53,-1.4,567,0.012883344,0.15917969,2.1531694,-0.008737724,0.30952367,0.8423812836408615,110,28160,3118.2348490660006,1802240
182.08,5.51,76.07,-1.81,581,0.0097706495,0.11747233,2.2280505,-0.01564875,0.19269812,0.835747092962265,111,28416,3146.423064226001,1818624
218.7,6.08,79.54,-1.77,565,0.012926529,0.13730876,2.2175052,-0.014824034,0.25095227,0.8042764216661453,112,28672,3175.4117739190006,1835008
220.55,7.24,75.59,-1.76,589,0.009934388,0.12434896,2.187564,-0.010992673,0.31199732,0.8211532384157181,113,28928,3203.203903185,1851392
218.16,7.96,74.79,-1.29,567,0.008741956,0.10367838,2.220517,-0.013293763,0.24839915,0.8347556442022324,114,29184,3232.071365439,1867776
220.23,7.87,76.84,-1.6,589,0.010832963,0.13519287,2.1610568,-0.012854893,0.3618689,0.8137751817703247,115,29440,3259.881724387,1884160
216.35,7.19,78.03,-1.64,571,0.012026033,0.1437378,2.1934137,-0.01755509,0.30518427,0.8252600431442261,116,29696,3288.5707811329994,1900544
216.39,7.41,83.18,-1.31,586,0.012911789,0.1687622,2.1473594,-0.01518608,0.29486337,0.8200387954711914,117,29952,3316.509051950001,1916928
218.55,7.84,76.56,-1.3,571,0.012977096,0.1562907,2.1636837,-0.016857805,0.23355334,0.7938114553689957,118,30208,3345.1806256140007,1933312
247.46,8.43,76.64,-1.75,595,0.011159353,0.1394043,2.1395652,-0.012106405,0.35210893,0.8187139928340912,119,30464,3372.679806761,1949696
256.05,10.26,74.86,-2.22,567,0.010711331,0.1328532,2.1399179,-0.01648032,0.27436677,0.8508084863424301,120,30720,3401.5279950629993,1966080
263.18,10.98,74.78,-1.49,594,0.010520554,0.13743083,2.1227016,-0.014493947,0.3192878,0.8525821417570114,121,30976,3429.1039919329996,1982464
258.17,11.0,76.03,-1.7,567,0.0127872275,0.15519206,2.1297784,-0.014172922,0.27262482,0.8393454998731613,122,31232,3457.9623323729993,1998848
235.87,8.97,79.52,-1.83,586,0.009947861,0.12322998,2.1315763,-0.01583196,0.307748,0.8168903887271881,123,31488,3485.910345503,2015232
259.0,11.97,74.23,-1.79,570,0.011822096,0.15211995,2.122803,-0.008900519,0.37882856,0.8272601664066315,124,31744,3514.6119670089993,2031616
255.11,11.87,73.43,-1.73,585,0.009959803,0.12375895,2.089172,-0.011006831,0.37435722,0.8665116131305695,125,32000,3542.647962899,2048000
265.78,11.7,76.46,-1.86,562,0.015743995,0.18572998,2.1162689,-0.008783163,0.42770138,0.8020964562892914,126,32256,3571.766689266,2064384
266.84,9.99,78.81,-2.75,590,0.010777147,0.13496907,2.148472,-0.017285809,0.31895944,0.789132297039032,127,32512,3599.5285663230006,2080768
271.54,10.25,77.27,-1.55,570,0.011582427,0.14687093,2.0996287,-0.013121996,0.3902892,0.82859006524086,128,32768,3628.2592090510007,2097152
246.33,8.71,75.06,-1.76,589,0.014013454,0.1778361,2.1214552,-0.016548065,0.30691138,0.8028332889080048,129,33024,3656.0716101470007,2113536
254.87,9.1,75.65,-2.17,573,0.013043031,0.16084798,2.0861447,-0.010135767,0.36711964,0.8226280212402344,130,33280,3684.6451759150004,2129920
254.13,9.7,79.3,-1.6,583,0.0111386515,0.14461263,2.1209753,-0.015307568,0.30978188,0.8382482081651688,131,33536,3712.7216103789997,2146304
268.45,10.54,72.09,-1.47,564,0.009195483,0.11875407,2.1842268,-0.016438104,0.2925143,0.8186433464288712,132,33792,3741.7624535779996,2162688
261.98,10.19,75.51,-1.22,588,0.014582571,0.18119304,2.175244,-0.013094183,0.27569726,0.8555958718061447,133,34048,3769.6093010940003,2179072
270.92,10.28,75.63,-1.32,563,0.011386315,0.13690186,2.1550217,-0.0167752,0.35262573,0.8214375823736191,134,34304,3798.6764483999996,2195456
270.81,9.57,74.72,-1.78,585,0.010627399,0.1363322,2.1644938,-0.015090932,0.32468572,0.7944253385066986,135,34560,3826.6639886840003,2211840
262.47,9.8,74.29,-1.42,571,0.009965508,0.12426758,2.1704385,-0.016188659,0.3105462,0.842846155166626,136,34816,3855.3400387069996,2228224
268.01,11.34,75.39,-1.84,588,0.011391214,0.15545654,2.140526,-0.014068159,0.34514454,0.847397044301033,137,35072,3883.172889671001,2244608
281.22,11.35,82.38,-1.66,566,0.012567688,0.15983073,2.1301398,-0.012225713,0.37714425,0.7654401808977127,138,35328,3912.121049239,2260992
293.01,11.23,78.54,-2.23,588,0.010352041,0.1346639,2.1165268,-0.017247872,0.34171188,0.8408780246973038,139,35584,3939.975622113001,2277376
300.78,11.89,77.29,-1.04,565,0.012801457,0.16267903,2.113797,-0.013740118,0.35120884,0.8223499655723572,140,35840,3968.96048034,2293760
293.51,11.96,75.49,-1.94,587,0.010750197,0.14235432,2.0829353,-0.010472603,0.40371254,0.8338429480791092,141,36096,3996.8690398950002,2310144
301.3,13.45,80.18,-1.63,568,0.0069523696,0.082092285,2.0918932,-0.013096839,0.3863559,0.8381925672292709,142,36352,4025.6727219580007,2326528
326.63,14.79,74.95,-1.75,586,0.009369768,0.11728922,2.1067832,-0.011697239,0.37022218,0.8364260792732239,143,36608,4053.6273351279997,2342912
298.0,11.83,75.9,-1.72,566,0.014184476,0.17323811,2.116442,-0.010781348,0.35714176,0.839902713894844,144,36864,4082.5748467890007,2359296
286.45,11.38,76.3,-1.7,588,0.00742973,0.08791097,2.1181262,-0.012532447,0.362671,0.8461303114891052,145,37120,4110.437475743,2375680
316.85,14.46,79.16,-0.85,561,0.0070484504,0.08660889,2.095564,-0.013030718,0.3681874,0.8601699769496918,146,37376,4139.616937901001,2392064
305.83,14.26,79.15,-2.42,589,0.0070175375,0.088419594,2.119189,-0.014692777,0.3260449,0.8496781289577484,147,37632,4167.417283576,2408448
305.41,13.0,79.08,-2.65,565,0.01047702,0.13289388,2.1271183,-0.01940052,0.31473055,0.8458256274461746,148,37888,4196.368829399,2424832
294.93,12.77,79.13,-1.99,595,0.011985927,0.16019695,2.1410363,-0.019329337,0.2817699,0.862569198012352,149,38144,4223.900473746,2441216
316.0,14.8,79.25,-1.85,574,0.009491404,0.12569173,2.1082118,-0.013964751,0.339807,0.8651104420423508,150,38400,4252.419200618,2457600
296.56,14.71,81.5,-1.64,591,0.008127215,0.10255941,2.1162035,-0.015489471,0.3110914,0.8710535317659378,151,38656,4280.127460928999,2473984
291.23,13.07,75.34,-2.17,563,0.007748783,0.0998942,2.159009,-0.016122837,0.3375355,0.8665647804737091,152,38912,4309.2100679079995,2490368
300.15,12.01,79.63,-2.62,598,0.011396874,0.14955647,2.184698,-0.021153832,0.2724467,0.863653689622879,153,39168,4336.607496304001,2506752
300.58,11.62,76.59,-1.51,565,0.012075032,0.15688069,2.1452084,-0.011885672,0.34462747,0.8442351371049881,154,39424,4365.587954205999,2523136
294.35,12.63,77.68,-1.4,590,0.014385719,0.17730713,2.162997,-0.017371591,0.33300707,0.8463746756315231,155,39680,4393.349783809001,2539520
306.0,13.22,74.37,-1.43,568,0.012532815,0.16377766,2.1291533,-0.017251218,0.36262035,0.8295078873634338,156,39936,4422.185848604,2555904
290.18,11.8,76.84,-1.94,581,0.014417034,0.18660481,2.1625755,-0.019566126,0.2927499,0.8707428127527237,157,40192,4450.386162021001,2572288
274.21,10.48,78.67,-2.03,567,0.015181187,0.18951416,2.1537316,-0.014979694,0.35426137,0.8035919666290283,158,40448,4479.2624313609995,2588672
298.97,12.33,77.16,-1.3,592,0.013017648,0.16823323,2.1238704,-0.01650492,0.3432884,0.8409750312566757,159,40704,4506.935124166001,2605056
295.53,13.38,77.6,-2.27,569,0.012744141,0.16245525,2.1277587,-0.016778471,0.36157712,0.8225969225168228,160,40960,4535.704819007,2621440
291.29,13.72,71.16,-1.59,588,0.011119655,0.14748128,2.1154065,-0.014763743,0.35419777,0.8530669212341309,161,41216,4563.534148264,2637824
303.6,14.89,76.16,-1.94,576,0.011708948,0.1515503,2.101083,-0.018022176,0.35609528,0.8433881998062134,162,41472,4591.9745681389995,2654208
272.66,11.19,74.11,-1.53,586,0.01613003,0.20798747,2.1043947,-0.017597293,0.3614613,0.8270258009433746,163,41728,4619.911923596001,2670592
282.13,12.07,76.88,-1.42,564,0.015996726,0.19850667,2.060097,-0.006547729,0.3947866,0.8390800505876541,164,41984,4648.934983506,2686976
305.74,13.39,78.01,-1.57,591,0.013975033,0.17985027,2.1051776,-0.016169617,0.37835082,0.8304261565208435,165,42240,4676.614878019,2703360
315.57,14.33,76.07,-1.42,569,0.012541153,0.16715495,2.0707042,-0.0061343363,0.44205716,0.8606155663728714,166,42496,4705.409807036,2719744
306.56,14.38,76.91,-1.09,599,0.009153338,0.12036133,2.1145144,-0.011251561,0.42808366,0.8521846681833267,167,42752,4732.744533209001,2736128
298.81,13.34,79.82,-1.7,575,0.009840908,0.13000488,2.1538575,-0.016146882,0.30909166,0.8399997353553772,168,43008,4761.230465228,2752512
318.19,13.2,78.55,-1.92,595,0.011735905,0.16027832,2.1109788,-0.018873261,0.318641,0.8345757722854614,169,43264,4788.7228298810005,2768896
339.25,14.37,77.28,-2.04,574,0.012190227,0.16359456,2.1353471,-0.011740907,0.37294194,0.8407721370458603,170,43520,4817.238557390001,2785280
334.63,15.55,74.02,-1.58,612,0.0099222455,0.13267009,2.1215572,-0.0150095755,0.31171146,0.8570727407932281,171,43776,4843.9932868880005,2801664
336.72,16.78,77.19,-1.81,591,0.009095156,0.118631996,2.1196442,-0.014716492,0.33543023,0.8603645116090775,172,44032,4871.694090717001,2818048
319.82,14.75,81.35,-1.85,606,0.012641351,0.16133626,2.1406784,-0.018839447,0.3149224,0.8401957005262375,173,44288,4898.693848662,2834432
305.43,14.58,78.13,-2.15,595,0.013747155,0.18825276,2.1419885,-0.011427209,0.28846562,0.8599506765604019,174,44544,4926.212915821001,2850816
322.53,15.29,78.38,-2.1,607,0.016128186,0.20910645,2.1401973,-0.020105975,0.34921905,0.8237312883138657,175,44800,4953.163332626,2867200
317.7,13.18,76.7,-1.51,589,0.012133666,0.16587321,2.1604993,-0.017218424,0.34778133,0.8339183628559113,176,45056,4980.942631139,2883584
316.38,13.99,75.69,-1.52,603,0.011157702,0.14766438,2.1688843,-0.01908446,0.27283457,0.8566543459892273,177,45312,5008.076736006,2899968
336.89,16.26,74.31,-1.46,594,0.012579848,0.1630249,2.147053,-0.020357475,0.3006129,0.8695937395095825,178,45568,5035.6452659999995,2916352
321.38,15.52,77.9,-1.43,601,0.01116966,0.14823405,2.1335928,-0.014791069,0.3095232,0.8419835418462753,179,45824,5062.903268586,2932736
312.01,15.21,78.21,-1.19,592,0.011375979,0.15140788,2.09493,-0.015452868,0.36280107,0.832678347826004,180,46080,5090.5351384099995,2949120
331.66,16.18,78.13,-1.71,617,0.0099827545,0.13352458,2.0862265,-0.018822392,0.2932058,0.857857346534729,181,46336,5117.058940938001,2965504
329.27,15.37,78.57,-1.74,594,0.011572875,0.15222168,2.106178,-0.017452108,0.33796892,0.8571684807538986,182,46592,5144.623585843001,2981888
303.79,12.89,73.25,-1.58,605,0.0140244635,0.18328857,2.1364787,-0.015310861,0.3529444,0.8242417275905609,183,46848,5171.684873855,2998272
302.93,13.36,78.61,-1.61,596,0.015306137,0.2004598,2.108507,-0.020679299,0.29372868,0.8255150616168976,184,47104,5199.170007037999,3014656
305.68,13.95,80.31,-1.47,609,0.010122946,0.13570149,2.1033995,-0.016678898,0.34189093,0.8378923386335373,185,47360,5226.034406581,3031040
310.12,14.59,77.18,-1.42,593,0.012491171,0.15840657,2.1058617,-0.01179187,0.34393024,0.8299900740385056,186,47616,5253.6232425260005,3047424
312.57,14.33,73.91,-1.08,601,0.017145578,0.21028645,2.0836618,-0.019215731,0.3483647,0.8392568677663803,187,47872,5280.90691962,3063808
310.09,13.41,78.81,-1.49,593,0.019421259,0.23728435,2.0884943,-0.019128101,0.31144732,0.8380255848169327,188,48128,5308.521949575001,3080192
323.76,14.63,75.53,-1.13,601,0.013924194,0.19417317,2.1017005,-0.01467771,0.38375375,0.833141028881073,189,48384,5335.767542054,3096576
328.87,13.95,77.91,-1.33,592,0.0091779055,0.11948649,2.0751758,-0.01303335,0.4284395,0.8177344352006912,190,48640,5363.444023057,3112960
342.12,14.94,75.78,-1.72,606,0.008626224,0.11193848,2.107663,-0.014790904,0.3132042,0.8286146819591522,191,48896,5390.453865603,3129344
375.23,18.0,75.92,-1.65,596,0.013946771,0.184021,2.0860314,-0.01827515,0.2962021,0.8494090884923935,192,49152,5417.9088265049995,3145728
352.53,16.52,74.37,-1.27,604,0.015074559,0.21256511,2.0901291,-0.014422637,0.33864558,0.8444815278053284,193,49408,5445.022176030001,3162112
344.86,17.07,75.07,-1.39,593,0.0087143695,0.115987144,2.0981774,-0.016618898,0.31337488,0.8381016850471497,194,49664,5472.635654008,3178496
341.74,16.07,70.99,-1.47,608,0.009810886,0.13480632,2.126005,-0.017343314,0.27825588,0.8501909822225571,195,49920,5499.555851727,3194880
326.86,15.21,77.34,-1.33,595,0.015966715,0.20831299,2.090401,-0.018056598,0.2920523,0.8554736524820328,196,50176,5527.058486256001,3211264
342.05,18.03,81.28,-1.59,606,0.011443683,0.15026855,2.077984,-0.01149411,0.3409809,0.8701797723770142,197,50432,5554.054797979001,3227648
336.83,16.74,74.97,-1.13,593,0.008970617,0.11484782,2.1141982,-0.01592142,0.3149183,0.8542174696922302,198,50688,5581.665548555,3244032
340.65,16.54,76.23,-1.69,606,0.007829618,0.10321045,2.0932171,-0.0139254285,0.34815952,0.8462289273738861,199,50944,5608.6964309859995,3260416
331.25,16.08,75.43,-1.23,595,0.010100004,0.13708496,2.0872538,-0.014532794,0.3573744,0.8261808156967163,200,51200,5636.217612499,3276800
340.59,16.63,77.6,-1.61,610,0.007723506,0.100118004,2.0851438,-0.015764005,0.3054289,0.8376792073249817,201,51456,5663.042041566001,3293184
359.42,18.28,73.33,-1.22,594,0.007582865,0.095214844,2.1255636,-0.013998945,0.30047083,0.848808079957962,202,51712,5690.5811224770005,3309568
363.06,19.36,73.11,-1.78,606,0.00883359,0.115743004,2.1191208,-0.015534629,0.26799592,0.8507623225450516,203,51968,5717.592714154,3325952
353.69,18.87,77.22,-1.58,595,0.013305825,0.17132568,2.078283,-0.016608369,0.3700043,0.7959738522768021,204,52224,5745.097934495001,3342336
356.97,19.01,79.4,-1.54,604,0.01018311,0.13637288,2.0716522,-0.018390043,0.2544733,0.872052013874054,205,52480,5772.208073938,3358720
356.91,19.43,75.85,-1.89,596,0.009192975,0.12156168,2.095371,-0.01855635,0.24131049,0.8722313642501831,206,52736,5799.66956344,3375104
346.0,18.52,76.62,-1.58,603,0.016700264,0.21083577,2.0828831,-0.018064253,0.32066214,0.8327312022447586,207,52992,5826.834843682,3391488
323.9,15.98,79.96,-1.63,594,0.012701319,0.17138672,2.1323493,-0.015623876,0.28864983,0.854184702038765,208,53248,5854.394890153,3407872
336.32,16.82,72.21,-1.63,611,0.011971469,0.15997314,2.098556,-0.012474286,0.32901737,0.8357686847448349,209,53504,5881.191537332999,3424256
331.8,15.36,80.9,-1.63,601,0.017072655,0.21502686,2.0890715,-0.019594116,0.41196248,0.7761858254671097,210,53760,5908.443330495,3440640
337.74,15.47,76.11,-1.61,605,0.014209866,0.18843587,2.091036,-0.019109262,0.2675149,0.8451776504516602,211,54016,5935.480922289,3457024
339.1,16.88,79.08,-1.32,599,0.012198713,0.16210938,2.0282602,-0.0148040345,0.35901463,0.8106368631124496,212,54272,5962.802880118999,3473408
341.24,17.68,78.0,-2.14,608,0.012159441,0.16479492,2.0463634,-0.012476396,0.3289254,0.8454225063323975,213,54528,5989.724051434001,3489792
355.13,18.78,73.66,-1.21,573,0.011038163,0.14642334,2.0022783,-0.016043708,0.26086634,0.8475589603185654,214,54784,6018.2870684320005,3506176
352.31,17.87,76.12,-1.33,601,0.016098903,0.20170085,2.019276,-0.019519154,0.37132493,0.7839752286672592,215,55040,6045.5416731820005,3522560
349.04,17.13,76.22,-1.95,595,0.017085446,0.21966553,2.039058,-0.014982257,0.3637674,0.8073810636997223,216,55296,6073.0531866599995,3538944
362.54,17.79,76.04,-1.54,613,0.016179793,0.21274821,2.0446885,-0.019418439,0.252598,0.8004822731018066,217,55552,6099.773358588,3555328
374.64,19.68,77.16,-1.85,607,0.013740089,0.19028728,2.0546196,-0.010654106,0.35393262,0.7841951549053192,218,55808,6126.754319797999,3571712
355.87,18.48,74.72,-1.05,614,0.021280946,0.25134277,2.0635386,-0.015817437,0.3099494,0.8227472603321075,219,56064,6153.405119781,3588096
350.72,16.65,75.5,-1.42,586,0.017225452,0.21561687,2.0609581,-0.017440423,0.35676602,0.7908795028924942,220,56320,6181.344302328,3604480
336.41,15.81,78.74,-1.5,611,0.012099712,0.1630656,2.0620184,-0.015880791,0.42505452,0.784977912902832,221,56576,6208.137081854,3620864
316.61,14.85,75.99,-1.11,585,0.017533362,0.22550456,2.0448635,-0.01919363,0.32640338,0.8197213262319565,222,56832,6236.110090515,3637248
345.86,16.67,74.21,-1.27,614,0.016038181,0.20098877,2.0529768,-0.011402678,0.34290555,0.7697774171829224,223,57088,6262.779177077,3653632
366.37,19.39,78.78,-1.51,625,0.010415985,0.14107259,2.0797951,-0.014861763,0.27324313,0.8186231106519699,224,57344,6288.990507611999,3670016
359.0,19.19,76.11,-1.75,622,0.011630334,0.152771,2.0810947,-0.0139518855,0.290028,0.7783038765192032,225,57600,6315.293385111001,3686400
347.39,17.65,76.24,-1.56,619,0.01574133,0.21970622,2.083699,-0.014270081,0.3037937,0.8021370321512222,226,57856,6341.749957122,3702784
349.34,18.15,76.64,-1.47,628,0.012564894,0.16727702,2.1170876,-0.018984772,0.2384194,0.8338127136230469,227,58112,6367.816183674,3719168
342.66,17.99,77.87,-1.37,619,0.021606108,0.2691854,2.1293452,-0.009069578,0.23828202,0.857486754655838,228,58368,6394.276946484,3735552
348.09,18.31,75.7,-1.12,626,0.019377405,0.24064128,2.1136107,-0.017047524,0.2886315,0.8086773753166199,229,58624,6420.4317315280005,3751936
344.22,17.2,72.73,-0.88,621,0.017903926,0.2323405,2.1238387,-0.013504189,0.27230296,0.8343467265367508,230,58880,6446.80142804,3768320
358.53,18.58,72.65,-1.39,624,0.010488092,0.14646403,2.1251616,-0.018088518,0.21335399,0.856411024928093,231,59136,6473.036803192999,3784704
365.1,19.02,73.79,-1.32,622,0.013680103,0.17875163,2.1173804,-0.019780273,0.2820882,0.8060446828603745,232,59392,6499.356241945001,3801088
358.31,18.76,78.71,-1.8,631,0.016635878,0.21124268,2.1191483,-0.017229708,0.21214296,0.8523135185241699,233,59648,6525.295963934999,3817472
365.04,19.61,77.21,-1.35,623,0.014824121,0.1998291,2.1337507,-0.014534305,0.29006597,0.837156817317009,234,59904,6551.595206335,3833856
355.07,17.6,75.5,-1.68,623,0.013514246,0.18025716,2.130108,-0.01698005,0.3168392,0.7914508134126663,235,60160,6577.888691819,3850240
330.87,16.0,76.97,-1.32,619,0.013794713,0.17903645,2.1286616,-0.017986046,0.315733,0.8422484546899796,236,60416,6604.326806552001,3866624
344.87,17.17,79.04,-1.56,615,0.016020663,0.20853679,2.1405985,-0.019581461,0.19815552,0.8539927750825882,237,60672,6630.954886624,3883008
356.31,18.63,74.76,-1.41,619,0.012003108,0.16040039,2.1352942,-0.016835043,0.27616313,0.7953062802553177,238,60928,6657.393136517001,3899392
357.08,18.51,71.46,-1.59,607,0.015316763,0.19578044,2.1444037,-0.01848062,0.3449556,0.7728956043720245,239,61184,6684.344064635001,3915776
347.22,17.04,77.46,-0.96,616,0.018036237,0.22939046,2.16151,-0.017427804,0.31531098,0.8062208890914917,240,61440,6710.906430797,3932160
340.07,16.89,75.15,-1.49,626,0.012148556,0.16691081,2.1746695,-0.011365374,0.32147384,0.8208572715520859,241,61696,6737.073308749999,3948544
351.78,17.73,77.98,-1.7,619,0.012399614,0.16807048,2.1643627,-0.018799344,0.2248788,0.8440373688936234,242,61952,6763.5370692,3964928
343.01,17.62,77.99,-1.55,622,0.012279026,0.17177327,2.1598644,-0.014404853,0.2805949,0.8077442646026611,243,62208,6789.869002243,3981312
350.95,17.82,76.61,-1.0,619,0.016949654,0.222229,2.137686,-0.019111818,0.21897043,0.8413120657205582,244,62464,6816.318577788999,3997696
367.3,18.7,82.26,-1.09,620,0.012023495,0.17175293,2.130357,-0.015098892,0.26785043,0.8322059661149979,245,62720,6842.738786792999,4014080
355.69,17.9,78.04,-1.71,622,0.013619819,0.18406169,2.1430926,-0.015668433,0.28616762,0.8184197545051575,246,62976,6869.043914471,4030464
359.02,18.35,78.88,-1.41,629,0.013634261,0.18566895,2.1480033,-0.015225434,0.26707354,0.7989018559455872,247,63232,6895.053946648,4046848
356.85,18.24,76.43,-1.13,624,0.013708048,0.18548584,2.122599,-0.015047538,0.2775682,0.7808673977851868,248,63488,6921.307109673,4063232
362.52,18.97,78.94,-1.85,625,0.019210102,0.22546387,2.1102867,-0.014854673,0.31314194,0.7830686420202255,249,63744,6947.536989192,4079616
355.68,18.39,76.93,-1.42,622,0.012963593,0.16977946,2.1241028,-0.015330539,0.30165604,0.8218723237514496,250,64000,6973.866405225001,4096000
363.69,18.55,75.35,-1.18,627,0.0150688095,0.19307454,2.1302545,-0.015945554,0.29231998,0.7740268409252167,251,64256,6999.961360578,4112384
375.99,18.65,76.15,-1.14,619,0.016897148,0.22003174,2.1282594,-0.016675679,0.2743348,0.7511961907148361,252,64512,7026.403726838,4128768
375.86,19.39,80.85,-1.43,623,0.012397661,0.17134602,2.1241786,-0.017826261,0.26737264,0.7632481455802917,253,64768,7052.684050105001,4145152
381.93,20.28,77.01,-1.25,617,0.018529074,0.2368571,2.154932,-0.01585298,0.23788571,0.758932888507843,254,65024,7079.217342241,4161536
372.73,19.82,79.18,-1.95,627,0.015441396,0.20011394,2.1198456,-0.009574653,0.3830882,0.760967031121254,255,65280,7105.348453346,4177920
368.1,18.93,80.3,-1.94,621,0.011431225,0.14886475,2.1527064,-0.013619068,0.32917657,0.7490460872650146,256,65536,7131.6958536990005,4194304
354.77,18.67,82.68,-1.41,624,0.0183554,0.22497559,2.1474469,-0.014874719,0.2928376,0.7750489711761475,257,65792,7157.911708914,4210688
361.92,19.09,81.96,-1.79,617,0.014036089,0.19594319,2.1274216,-0.0148635665,0.25898755,0.8165917247533798,258,66048,7184.428116295001,4227072
355.0,17.64,80.72,-1.51,617,0.012953263,0.16733806,2.1421773,-0.010253019,0.3100225,0.7875692397356033,259,66304,7210.960864955001,4243456
370.57,18.61,76.35,-2.04,574,0.015276112,0.20157878,2.1291382,-0.008810348,0.280489,0.8077515959739685,260,66560,7239.470042605,4259840
360.11,18.08,80.41,-1.31,595,0.013248553,0.16790771,2.1450527,-0.018955907,0.28656375,0.7908822447061539,261,66816,7266.981076018999,4276224
371.41,19.43,78.74,-1.39,574,0.014525204,0.18843587,2.1546028,-0.015235526,0.20854823,0.7970768064260483,262,67072,7295.492983407999,4292608
378.88,20.4,80.44,-1.43,589,0.011066665,0.15098064,2.152177,-0.01208515,0.28881633,0.7792126089334488,263,67328,7323.302290207999,4308992
386.89,21.04,77.35,-1.7,576,0.008682921,0.11051432,2.1442335,-0.015188649,0.1988352,0.8196747004985809,264,67584,7351.715517828001,4325376
378.97,20.61,80.39,-1.55,596,0.012494323,0.15588379,2.1536608,-0.016426025,0.24881895,0.8142884522676468,265,67840,7379.186424416001,4341760
379.64,20.28,76.91,-1.32,577,0.009737442,0.13094075,2.149153,-0.01704984,0.21033905,0.8207744359970093,266,68096,7407.566840429001,4358144
370.85,20.23,75.53,-1.1,604,0.016213872,0.2144165,2.1309583,-0.019107508,0.26708344,0.8086553663015366,267,68352,7434.681833009001,4374528
373.18,20.99,79.43,-1.26,574,0.009965745,0.1338501,2.129337,-0.011986405,0.30303404,0.8151120543479919,268,68608,7463.207983807,4390912
358.96,18.93,81.27,-2.07,593,0.01316113,0.17246501,2.1326766,-0.014412108,0.28644687,0.714881956577301,269,68864,7490.836479281999,4407296
362.86,19.48,77.43,-1.02,577,0.020097626,0.25297037,2.1475134,-0.011041864,0.31391978,0.7243065536022186,270,69120,7519.2212205979995,4423680
363.94,18.98,80.47,-1.26,599,0.013293275,0.1687622,2.1432831,-0.01282398,0.32369483,0.7081061005592346,271,69376,7546.548858464999,4440064
363.98,18.79,76.01,-1.52,580,0.014863584,0.18955486,2.1752346,-0.014489376,0.23558247,0.7588538080453873,272,69632,7574.778088875,4456448
363.06,18.17,76.24,-1.99,597,0.01723417,0.22485352,2.1739159,-0.014650385,0.35187557,0.687947154045105,273,69888,7602.212026849,4472832
374.72,18.51,79.08,-1.37,574,0.013733785,0.1827596,2.1816964,-0.016108826,0.28233433,0.6702944934368134,274,70144,7630.721252382,4489216
370.9,17.92,77.17,-1.92,606,0.009768754,0.12628174,2.1849923,-0.009249876,0.35966012,0.7123425304889679,275,70400,7657.736937558,4505600
377.99,18.87,76.75,-1.99,577,0.012798495,0.17036946,2.2034771,-0.017561955,0.18303649,0.8235162496566772,276,70656,7686.096229331,4521984
375.87,19.41,74.83,-1.68,596,0.013065446,0.17970784,2.1973674,-0.012508894,0.24683928,0.7658339738845825,277,70912,7713.572918772001,4538368
362.79,19.68,75.79,-1.94,581,0.011644957,0.14923096,2.1944363,-0.016751824,0.26001456,0.8049953430891037,278,71168,7741.745875791999,4554752
353.75,18.55,80.24,-1.17,595,0.01864535,0.2343343,2.1962276,-0.016552659,0.31478137,0.6590661406517029,279,71424,7769.270959322999,4571136
